Name,Image Link 1,Image Link 2,Image Link 3,Image Link 4
"23-24 Jugadores Tottenham Verde",https://mdsport01.com/page/img/241.jpg,https://mdsport01.com/page/img/241-1.jpg,https://mdsport01.com/page/img/241-2.jpg,https://mdsport01.com/page/img/241-3.jpg
23-24 jugadores Manchester City local,https://mdsport01.com/page/img/242.jpg,https://mdsport01.com/page/img/242-1.jpg,https://mdsport01.com/page/img/242-2.jpg,https://mdsport01.com/page/img/242-3.jpg
23-24 Jugadores Italia Verde,https://mdsport01.com/page/img/243.jpg,https://mdsport01.com/page/img/243-1.jpg,https://mdsport01.com/page/img/243-2.jpg,https://mdsport01.com/page/img/243-3.jpg
23-24 jugadores Edicion especial japonesa (1),https://mdsport01.com/page/img/244.jpg,https://mdsport01.com/page/img/244-1.jpg,https://mdsport01.com/page/img/244-2.jpg,https://mdsport01.com/page/img/244-3.jpg
23-24 jugadores Jamaica visitante,https://mdsport01.com/page/img/245.jpg,https://mdsport01.com/page/img/245-1.jpg,https://mdsport01.com/page/img/245-2.jpg,https://mdsport01.com/page/img/245-3.jpg
23-24 jugadores edición conmemorativa Argentina,https://mdsport01.com/page/img/246.jpg,https://mdsport01.com/page/img/246-1.jpg,https://mdsport01.com/page/img/246-2.jpg,https://mdsport01.com/page/img/246-3.jpg
23-24 jugadores Edición especial Manchester United (2),https://mdsport01.com/page/img/247.jpg,https://mdsport01.com/page/img/247-1.jpg,https://mdsport01.com/page/img/247-2.jpg,https://mdsport01.com/page/img/247-3.jpg
23-24 Jugadores Argentina Edición Especial,https://mdsport01.com/page/img/248.jpg,https://mdsport01.com/page/img/248-1.jpg,https://mdsport01.com/page/img/248-2.jpg,https://mdsport01.com/page/img/248-3.jpg
Uniforme de entrenamiento de París para 23-24 jugadores.,https://mdsport01.com/page/img/249.jpg,https://mdsport01.com/page/img/249-1.jpg,https://mdsport01.com/page/img/249-2.jpg,https://mdsport01.com/page/img/249-3.jpg
Uniforme de entrenamiento de París para 23-24 jugadores (1),https://mdsport01.com/page/img/250.jpg,https://mdsport01.com/page/img/250-1.jpg,https://mdsport01.com/page/img/250-2.jpg,https://mdsport01.com/page/img/250-3.jpg
23-24 Jugadores Barcelona Edición Especial (3),https://mdsport01.com/page/img/251.jpg,https://mdsport01.com/page/img/251-1.jpg,https://mdsport01.com/page/img/251-2.jpg,https://mdsport01.com/page/img/251-3.jpg
23-24 jugadores vencieron al Manchester City,https://mdsport01.com/page/img/252.jpg,https://mdsport01.com/page/img/252-1.jpg,https://mdsport01.com/page/img/252-2.jpg,https://mdsport01.com/page/img/252-3.jpg
23-24 Jugadores Flamengo en casa,https://mdsport01.com/page/img/253.jpg,https://mdsport01.com/page/img/253-1.jpg,https://mdsport01.com/page/img/253-2.jpg,https://mdsport01.com/page/img/253-3.jpg
Uniforme de entrenamiento del Chelsea de 23-24 jugadores.,https://mdsport01.com/page/img/254.jpg,https://mdsport01.com/page/img/254-1.jpg,https://mdsport01.com/page/img/254-2.jpg,https://mdsport01.com/page/img/254-3.jpg
23-24 Jugadores EdiciÃ³n conjunta Liverpool,https://mdsport01.com/page/img/255.jpg,https://mdsport01.com/page/img/255-1.jpg,https://mdsport01.com/page/img/255-2.jpg,https://mdsport01.com/page/img/255-3.jpg
Uniforme de entrenamiento del Manchester City de 23-24 jugadores (4),https://mdsport01.com/page/img/256.jpg,https://mdsport01.com/page/img/256-1.jpg,https://mdsport01.com/page/img/256-2.jpg,https://mdsport01.com/page/img/256-3.jpg
23-24 Jugadores Barcelona cuatro partidos fuera de casa,https://mdsport01.com/page/img/257.jpg,https://mdsport01.com/page/img/257-1.jpg,https://mdsport01.com/page/img/257-2.jpg,https://mdsport01.com/page/img/257-3.jpg
23-24 jugadores Johor Inicio,https://mdsport01.com/page/img/258.jpg,https://mdsport01.com/page/img/258-1.jpg,https://mdsport01.com/page/img/258-2.jpg,https://mdsport01.com/page/img/258-3.jpg
23-24 jugadores Johor fuera,https://mdsport01.com/page/img/259.jpg,https://mdsport01.com/page/img/259-1.jpg,https://mdsport01.com/page/img/259-2.jpg,https://mdsport01.com/page/img/259-3.jpg
23-24 jugadores AC cuatro fuera,https://mdsport01.com/page/img/260.jpg,https://mdsport01.com/page/img/260-1.jpg,https://mdsport01.com/page/img/260-2.jpg,https://mdsport01.com/page/img/260-3.jpg
"23-24 Jugadores Riad, segundo invitado",https://mdsport01.com/page/img/261.jpg,https://mdsport01.com/page/img/261-1.jpg,https://mdsport01.com/page/img/261-2.jpg,https://mdsport01.com/page/img/261-3.jpg
23-24 Jugadores ParÃ­s Local (1),https://mdsport01.com/page/img/262.jpg,https://mdsport01.com/page/img/262-1.jpg,https://mdsport01.com/page/img/262-2.jpg,https://mdsport01.com/page/img/262-3.jpg
23-24 Jugadores Barcelona tres partidos fuera de casa,https://mdsport01.com/page/img/263.jpg,https://mdsport01.com/page/img/263-1.jpg,https://mdsport01.com/page/img/263-2.jpg,https://mdsport01.com/page/img/263-3.jpg
23-24 Jugadores Italia Local,https://mdsport01.com/page/img/264.jpg,https://mdsport01.com/page/img/264-1.jpg,https://mdsport01.com/page/img/264-2.jpg,https://mdsport01.com/page/img/264-3.jpg
Uniforme de entrenamiento del Real Madrid 23-24 jugadores,https://mdsport01.com/page/img/265.jpg,https://mdsport01.com/page/img/265-1.jpg,https://mdsport01.com/page/img/265-2.jpg,https://mdsport01.com/page/img/265-3.jpg
23-24 Palmela principales jugadores,https://mdsport01.com/page/img/266.jpg,https://mdsport01.com/page/img/266-1.jpg,https://mdsport01.com/page/img/266-2.jpg,https://mdsport01.com/page/img/266-3.jpg
23-24 jugadores puma negro,https://mdsport01.com/page/img/267.jpg,https://mdsport01.com/page/img/267-1.jpg,https://mdsport01.com/page/img/267-2.jpg,https://mdsport01.com/page/img/267-3.jpg
23-24 Jugador Tigres Local(1),https://mdsport01.com/page/img/268.jpg,https://mdsport01.com/page/img/268-1.jpg,https://mdsport01.com/page/img/268-2.jpg,https://mdsport01.com/page/img/268-3.jpg
